published_sha	original_sha	subject
389ad4f	5d5bbd7a51	feat(qsa): multi-group pending ring for verify windows > compress ratio
316490b	1fa1337b1e	test(qsa): GPU correctness test for the widened pending ring
86bca5d	53c85dc0aa	feat(spec): scheduler-side hidden-state dump for MTP draft-head training
29162ef	195682cce2	feat(spec): dump writes SERVER.json so the dump client can refuse a non-dump instance
1a0b03d	6bbc07ec1e	feat(spec): KEEP_FROM tail-window control for the MTP hidden dump
8ecb246	d76fed293a	fix(qsa): require num_steps + 1 >= num_draft_tokens for MTP index sharing
90b9e16	91dcb90c1c	feat(gemm): sm120gemv BF16 backend, Triton skinny GEMM for M<=32 on SM12x
94e88ef	0eec3a1293	perf(hc_mix): prefetch up-weight before the phase barrier, drop zeroing barrier
0d7f29f	a06f56e8b9	fix(mamba): reserve verify intermediate state at the adaptive maximum
00ba704	00897e9e66	fix(qsa): one max-width MTP selection buffer serves every adaptive state
0a3b208	52391633d3	feat(spec): per-tier adaptive acceptance counters, width-correct accept rate
8e123db	6395eefe36	perf(gemm): sm120gemv M>16 tiling and M=1 small-weight fallback
4b49a76	a98e221c94	perf(mxfp8): SM120 skinny MXFP8 GEMM on native block-scaled MMA, opt-in
91a779f	a4aa369ee7	fix(qwen4_exp): load ModelOpt MIXED_PRECISION QAD checkpoints
6fa5951	cc1ba2b840	feat(moe): dynamic expert count (fixed-k / cumprob / learned) fused into the Triton router, off by default
0d9cee8	63d92e2f47	feat(moe): dynamic-k per-slot kept-slot counters + stats writer (SGLANG_QWENOPT_DYNK_STATS_FILE)
dca918e	4309772a86	test(gemm): CPU dispatch + CLI coverage for the SM120 skinny BF16/MXFP8 GEMM
9793449	9d08f8ffa5	feat(moe): dynamic-k live control file (per-slot tau/k_min/k_max on device) for one-boot arm sweeps
4b8c591	d7e1d0a51b	feat(qwen4_exp): native NVFP4 PLE table (host-resident, dequant in gather)
a7b7916	7621d4a796	perf(moe): learned dynamic-k gate features from the top-10 rounds only (F=16), +0.9 us/call on GPU2
5910baf	27c30a8f3d	perf(qsa): one shared trtllm workspace + packed-KV scratch across QSA backends
ca3a47e	bcf45ab741	test(qsa): pin the shared-scratch allocation plan and its byte budget
d70f519	6a5f2da329	fix(qsa): normalize the device key so cuda and cuda:0 share one buffer
2c365e7	705ca532c9	perf(moe): SGLANG_QWENOPT_FUSE_MOE_FINALIZE alias for flashinfer fused finalize
68fc024	f8fc8b5a35	perf(hc): fused hyper-connection chain behind SGLANG_QWENOPT_FUSE_HC=1
e2f3eca	22fc5c8ffd	test(qsa): correct the selection width -- qsa_token_topk IS the budget
85c9e91	d0ecae43d8	perf(moe): lossless ILP finalizeMoeRouting via private flashinfer build (SGLANG_QWENOPT_FUSE_MOE_FINALIZE_ILP)
bf9f3e6	837e52ff80	fix(qsa): bound the shared reservation by the widest reachable batch
58879a4	12d6193745	perf(moe): 4-launch expert-centric small-batch NVFP4 MoE for T<=16 (SGLANG_QWENOPT_FUSE_SBMOE)
f6bcb92	486b099529	fix(qsa): reservation covered by an existing shared buffer is idempotent
a24d7de	436fa5cf69	fix(qsa): regrow the shared scratch if autotune allocated it undersized before capture
